{
    "3e-5,0.1,0.01,32,0.1,2.0,0.1": {
        "best_epoch": 2,
        "best_f1": 0.8623223909848113
    },
    "3e-5,0.1,0.01,32,0.2,2.0,0.1": {
        "best_epoch": 2,
        "best_f1": 0.8620520373097693
    },
    "3e-5,0.1,0.01,32,0.3,2.0,0.1": {
        "best_epoch": 2,
        "best_f1": 0.8626104023552502
    },
    "3e-5,0.1,0.01,32,0.4,2.0,0.1": {
        "best_epoch": 2,
        "best_f1": 0.8616290480863592
    },
    "3e-5,0.1,0.01,32,0.5,2.0,0.1": {
        "best_epoch": 2,
        "best_f1": 0.8614931237721022
    },
    "3e-5,0.1,0.01,32,0.6,2.0,0.1": {
        "best_epoch": 2,
        "best_f1": 0.8635917566241413
    },
    "3e-5,0.1,0.01,32,0.7,2.0,0.1": {
        "best_epoch": 2,
        "best_f1": 0.8616290480863592
    },
    "3e-5,0.1,0.01,32,0.8,2.0,0.1": {
        "best_epoch": 2,
        "best_f1": 0.8646800195407914
    },
    "3e-5,0.1,0.01,32,0.9,2.0,0.1": {
        "best_epoch": 2,
        "best_f1": 0.8606476938174681
    },
    "3e-5,0.1,0.01,32,0.1,2.0,0.2": {
        "best_epoch": 2,
        "best_f1": 0.8621873467385973
    },
    "3e-5,0.1,0.01,32,0.2,2.0,0.2": {
        "best_epoch": 2,
        "best_f1": 0.8627450980392157
    },
    "3e-5,0.1,0.01,32,0.3,2.0,0.2": {
        "best_epoch": 2,
        "best_f1": 0.8644400785854617
    },
    "3e-5,0.1,0.01,32,0.4,2.0,0.2": {
        "best_epoch": 2,
        "best_f1": 0.8620520373097693
    },
    "3e-5,0.1,0.01,32,0.5,2.0,0.2": {
        "best_epoch": 2,
        "best_f1": 0.8606476938174681
    },
    "3e-5,0.1,0.01,32,0.6,2.0,0.2": {
        "best_epoch": 2,
        "best_f1": 0.8637254901960785
    },
    "3e-5,0.1,0.01,32,0.7,2.0,0.2": {
        "best_epoch": 2,
        "best_f1": 0.8626104023552502
    },
    "3e-5,0.1,0.01,32,0.8,2.0,0.2": {
        "best_epoch": 2,
        "best_f1": 0.8644150758688204
    },
    "3e-5,0.1,0.01,32,0.9,2.0,0.2": {
        "best_epoch": 2,
        "best_f1": 0.8602256007846983
    },
    "3e-5,0.1,0.01,32,0.1,2.0,0.3": {
        "best_epoch": 2,
        "best_f1": 0.8642822146006859
    },
    "3e-5,0.1,0.01,32,0.2,2.0,0.3": {
        "best_epoch": 2,
        "best_f1": 0.8641490926924963
    },
    "3e-5,0.1,0.01,32,0.3,2.0,0.3": {
        "best_epoch": 2,
        "best_f1": 0.8626104023552502
    },
    "3e-5,0.1,0.01,32,0.4,2.0,0.3": {
        "best_epoch": 2,
        "best_f1": 0.8613424791768741
    },
    "3e-5,0.1,0.01,32,0.5,2.0,0.3": {
        "best_epoch": 2,
        "best_f1": 0.8620520373097693
    },
    "3e-5,0.1,0.01,32,0.6,2.0,0.3": {
        "best_epoch": 2,
        "best_f1": 0.8612064737616478
    },
    "3e-5,0.1,0.01,32,0.7,2.0,0.3": {
        "best_epoch": 2,
        "best_f1": 0.8640157093765342
    },
    "3e-5,0.1,0.01,32,0.8,2.0,0.3": {
        "best_epoch": 2,
        "best_f1": 0.8634361233480177
    },
    "3e-5,0.1,0.01,32,0.9,2.0,0.3": {
        "best_epoch": 2,
        "best_f1": 0.8621873467385973
    },
    "3e-5,0.1,0.01,32,0.1,2.0,0.4": {
        "best_epoch": 2,
        "best_f1": 0.8638589618021547
    },
    "3e-5,0.1,0.01,32,0.2,2.0,0.4": {
        "best_epoch": 2,
        "best_f1": 0.8627450980392157
    },
    "3e-5,0.1,0.01,32,0.3,2.0,0.4": {
        "best_epoch": 2,
        "best_f1": 0.8631682197155468
    },
    "3e-5,0.1,0.01,32,0.4,2.0,0.4": {
        "best_epoch": 2,
        "best_f1": 0.8631682197155468
    },
    "3e-5,0.1,0.01,32,0.5,2.0,0.4": {
        "best_epoch": 2,
        "best_f1": 0.862475442043222
    },
    "3e-5,0.1,0.01,32,0.6,2.0,0.4": {
        "best_epoch": 2,
        "best_f1": 0.862475442043222
    },
    "3e-5,0.1,0.01,32,0.7,2.0,0.4": {
        "best_epoch": 2,
        "best_f1": 0.8633023027927487
    },
    "3e-5,0.1,0.01,32,0.8,2.0,0.4": {
        "best_epoch": 2,
        "best_f1": 0.8634361233480177
    },
    "3e-5,0.1,0.01,32,0.9,2.0,0.4": {
        "best_epoch": 2,
        "best_f1": 0.861900097943193
    },
    "3e-5,0.1,0.01,32,0.1,2.0,0.5": {
        "best_epoch": 2,
        "best_f1": 0.8642822146006859
    },
    "3e-5,0.1,0.01,32,0.2,2.0,0.5": {
        "best_epoch": 2,
        "best_f1": 0.861764705882353
    },
    "3e-5,0.1,0.01,32,0.3,2.0,0.5": {
        "best_epoch": 2,
        "best_f1": 0.8620520373097693
    },
    "3e-5,0.1,0.01,32,0.4,2.0,0.5": {
        "best_epoch": 2,
        "best_f1": 0.8620520373097693
    },
    "3e-5,0.1,0.01,32,0.5,2.0,0.5": {
        "best_epoch": 2,
        "best_f1": 0.8616290480863592
    },
    "3e-5,0.1,0.01,32,0.6,2.0,0.5": {
        "best_epoch": 2,
        "best_f1": 0.8634577603143418
    },
    "3e-5,0.1,0.01,32,0.7,2.0,0.5": {
        "best_epoch": 2,
        "best_f1": 0.8631682197155468
    },
    "3e-5,0.1,0.01,32,0.8,2.0,0.5": {
        "best_epoch": 2,
        "best_f1": 0.8634361233480177
    },
    "3e-5,0.1,0.01,32,0.9,2.0,0.5": {
        "best_epoch": 2,
        "best_f1": 0.8612064737616478
    },
    "3e-5,0.1,0.01,32,0.1,2.0,0.6": {
        "best_epoch": 2,
        "best_f1": 0.8638589618021547
    },
    "3e-5,0.1,0.01,32,0.2,2.0,0.6": {
        "best_epoch": 2,
        "best_f1": 0.8630338733431517
    },
    "3e-5,0.1,0.01,32,0.3,2.0,0.6": {
        "best_epoch": 2,
        "best_f1": 0.8630338733431517
    },
    "3e-5,0.1,0.01,32,0.4,2.0,0.6": {
        "best_epoch": 2,
        "best_f1": 0.8626104023552502
    },
    "3e-5,0.1,0.01,32,0.5,2.0,0.6": {
        "best_epoch": 2,
        "best_f1": 0.8619164619164619
    },
    "3e-5,0.1,0.01,32,0.6,2.0,0.6": {
        "best_epoch": 2,
        "best_f1": 0.8634577603143418
    },
    "3e-5,0.1,0.01,32,0.7,2.0,0.6": {
        "best_epoch": 2,
        "best_f1": 0.8626104023552502
    },
    "3e-5,0.1,0.01,32,0.8,2.0,0.6": {
        "best_epoch": 2,
        "best_f1": 0.8644150758688204
    },
    "3e-5,0.1,0.01,32,0.9,2.0,0.6": {
        "best_epoch": 2,
        "best_f1": 0.861764705882353
    },
    "3e-5,0.1,0.01,32,0.1,2.0,0.7": {
        "best_epoch": 2,
        "best_f1": 0.8621873467385973
    },
    "3e-5,0.1,0.01,32,0.2,2.0,0.7": {
        "best_epoch": 2,
        "best_f1": 0.8621873467385973
    },
    "3e-5,0.1,0.01,32,0.3,2.0,0.7": {
        "best_epoch": 2,
        "best_f1": 0.8630338733431517
    },
    "3e-5,0.1,0.01,32,0.4,2.0,0.7": {
        "best_epoch": 2,
        "best_f1": 0.8631682197155468
    },
    "3e-5,0.1,0.01,32,0.5,2.0,0.7": {
        "best_epoch": 2,
        "best_f1": 0.8620520373097693
    },
    "3e-5,0.1,0.01,32,0.6,2.0,0.7": {
        "best_epoch": 2,
        "best_f1": 0.8630338733431517
    },
    "3e-5,0.1,0.01,32,0.7,2.0,0.7": {
        "best_epoch": 2,
        "best_f1": 0.8621873467385973
    },
    "3e-5,0.1,0.01,32,0.8,2.0,0.7": {
        "best_epoch": 2,
        "best_f1": 0.8635696821515892
    },
    "3e-5,0.1,0.01,32,0.9,2.0,0.7": {
        "best_epoch": 2,
        "best_f1": 0.861764705882353
    },
    "3e-5,0.1,0.01,32,0.1,2.0,0.8": {
        "best_epoch": 2,
        "best_f1": 0.8623223909848113
    },
    "3e-5,0.1,0.01,32,0.2,2.0,0.8": {
        "best_epoch": 2,
        "best_f1": 0.8616290480863592
    },
    "3e-5,0.1,0.01,32,0.3,2.0,0.8": {
        "best_epoch": 2,
        "best_f1": 0.8626104023552502
    },
    "3e-5,0.1,0.01,32,0.4,2.0,0.8": {
        "best_epoch": 2,
        "best_f1": 0.8635917566241413
    },
    "3e-5,0.1,0.01,32,0.5,2.0,0.8": {
        "best_epoch": 2,
        "best_f1": 0.8616290480863592
    },
    "3e-5,0.1,0.01,32,0.6,2.0,0.8": {
        "best_epoch": 2,
        "best_f1": 0.8630338733431517
    },
    "3e-5,0.1,0.01,32,0.7,2.0,0.8": {
        "best_epoch": 2,
        "best_f1": 0.8620520373097693
    },
    "3e-5,0.1,0.01,32,0.8,2.0,0.8": {
        "best_epoch": 2,
        "best_f1": 0.8639921722113503
    },
    "3e-5,0.1,0.01,32,0.9,2.0,0.8": {
        "best_epoch": 2,
        "best_f1": 0.8621873467385973
    },
    "3e-5,0.1,0.01,32,0.1,2.0,0.9": {
        "best_epoch": 2,
        "best_f1": 0.8627450980392157
    },
    "3e-5,0.1,0.01,32,0.2,2.0,0.9": {
        "best_epoch": 2,
        "best_f1": 0.8616290480863592
    },