{
    "3e-5,0.1,0.01,32,0.1,2.0,0.1": {
        "best_epoch": 3,
        "best_f1": 0.8520135856380397
    },
    "3e-5,0.1,0.01,32,0.2,2.0,0.1": {
        "best_epoch": 2,
        "best_f1": 0.8517971442639094
    },
    "3e-5,0.1,0.01,32,0.3,2.0,0.1": {
        "best_epoch": 1,
        "best_f1": 0.8526367668802366
    },
    "3e-5,0.1,0.01,32,0.4,2.0,0.1": {
        "best_epoch": 1,
        "best_f1": 0.8532019704433498
    },
    "3e-5,0.1,0.01,32,0.5,2.0,0.1": {
        "best_epoch": 1,
        "best_f1": 0.8520884520884521
    },
    "3e-5,0.1,0.01,32,0.6,2.0,0.1": {
        "best_epoch": 2,
        "best_f1": 0.8537666174298375
    },
    "3e-5,0.1,0.01,32,0.7,2.0,0.1": {
        "best_epoch": 2,
        "best_f1": 0.8551655956500247
    },
    "3e-5,0.1,0.01,32,0.8,2.0,0.1": {
        "best_epoch": 2,
        "best_f1": 0.8572839506172839
    },
    "3e-5,0.1,0.01,32,0.9,2.0,0.1": {
        "best_epoch": 2,
        "best_f1": 0.8565776458951533
    },
    "3e-5,0.1,0.01,32,0.1,2.0,0.2": {
        "best_epoch": 2,
        "best_f1": 0.8520710059171598
    },
    "3e-5,0.1,0.01,32,0.2,2.0,0.2": {
        "best_epoch": 2,
        "best_f1": 0.8523622047244095
    },
    "3e-5,0.1,0.01,32,0.3,2.0,0.2": {
        "best_epoch": 2,
        "best_f1": 0.8525073746312685
    },
    "3e-5,0.1,0.01,32,0.4,2.0,0.2": {
        "best_epoch": 1,
        "best_f1": 0.8532019704433498
    },
    "3e-5,0.1,0.01,32,0.5,2.0,0.2": {
        "best_epoch": 1,
        "best_f1": 0.8520884520884521
    },
    "3e-5,0.1,0.01,32,0.6,2.0,0.2": {
        "best_epoch": 2,
        "best_f1": 0.8546081813701331
    },
    "3e-5,0.1,0.01,32,0.7,2.0,0.2": {
        "best_epoch": 2,
        "best_f1": 0.8551655956500247
    },
    "3e-5,0.1,0.01,32,0.8,2.0,0.2": {
        "best_epoch": 2,
        "best_f1": 0.8561542263964409
    },
    "3e-5,0.1,0.01,32,0.9,2.0,0.2": {
        "best_epoch": 2,
        "best_f1": 0.8568598315998018
    },
    "3e-5,0.1,0.01,32,0.1,2.0,0.3": {
        "best_epoch": 2,
        "best_f1": 0.8526367668802366
    },
    "3e-5,0.1,0.01,32,0.2,2.0,0.3": {
        "best_epoch": 2,
        "best_f1": 0.8523622047244095
    },
    "3e-5,0.1,0.01,32,0.3,2.0,0.3": {
        "best_epoch": 2,
        "best_f1": 0.8526522593320236
    },
    "3e-5,0.1,0.01,32,0.4,2.0,0.3": {
        "best_epoch": 1,
        "best_f1": 0.8532019704433498
    },
    "3e-5,0.1,0.01,32,0.5,2.0,0.3": {
        "best_epoch": 1,
        "best_f1": 0.8520884520884521
    },
    "3e-5,0.1,0.01,32,0.6,2.0,0.3": {
        "best_epoch": 2,
        "best_f1": 0.8537666174298375
    },
    "3e-5,0.1,0.01,32,0.7,2.0,0.3": {
        "best_epoch": 2,
        "best_f1": 0.8551655956500247
    },
    "3e-5,0.1,0.01,32,0.8,2.0,0.3": {
        "best_epoch": 2,
        "best_f1": 0.8550222662048491
    },
    "3e-5,0.1,0.01,32,0.9,2.0,0.3": {
        "best_epoch": 2,
        "best_f1": 0.8567193675889329
    },
    "3e-5,0.1,0.01,32,0.1,2.0,0.4": {
        "best_epoch": 2,
        "best_f1": 0.8522167487684729
    },
    "3e-5,0.1,0.01,32,0.2,2.0,0.4": {
        "best_epoch": 2,
        "best_f1": 0.8523622047244095
    },
    "3e-5,0.1,0.01,32,0.3,2.0,0.4": {
        "best_epoch": 2,
        "best_f1": 0.8520884520884521
    },
    "3e-5,0.1,0.01,32,0.4,2.0,0.4": {
        "best_epoch": 1,
        "best_f1": 0.8527818808468735
    },
    "3e-5,0.1,0.01,32,0.5,2.0,0.4": {
        "best_epoch": 1,
        "best_f1": 0.8525073746312685
    },
    "3e-5,0.1,0.01,32,0.6,2.0,0.4": {
        "best_epoch": 2,
        "best_f1": 0.8532019704433498
    },
    "3e-5,0.1,0.01,32,0.7,2.0,0.4": {
        "best_epoch": 2,
        "best_f1": 0.8557312252964426
    },
    "3e-5,0.1,0.01,32,0.8,2.0,0.4": {
        "best_epoch": 2,
        "best_f1": 0.8555885262116716
    },
    "3e-5,0.1,0.01,32,0.9,2.0,0.4": {
        "best_epoch": 2,
        "best_f1": 0.8562933597621407
    },
    "3e-5,0.1,0.01,32,0.1,2.0,0.5": {
        "best_epoch": 2,
        "best_f1": 0.8522167487684729
    },
    "3e-5,0.1,0.01,32,0.2,2.0,0.5": {
        "best_epoch": 2,
        "best_f1": 0.8523622047244095
    },
    "3e-5,0.1,0.01,32,0.3,2.0,0.5": {
        "best_epoch": 2,
        "best_f1": 0.852233676975945
    },
    "3e-5,0.1,0.01,32,0.4,2.0,0.5": {
        "best_epoch": 1,
        "best_f1": 0.8522167487684729
    },
    "3e-5,0.1,0.01,32,0.5,2.0,0.5": {
        "best_epoch": 1,
        "best_f1": 0.8525073746312685
    },
    "3e-5,0.1,0.01,32,0.6,2.0,0.5": {
        "best_epoch": 2,
        "best_f1": 0.8537666174298375
    },
    "3e-5,0.1,0.01,32,0.7,2.0,0.5": {
        "best_epoch": 2,
        "best_f1": 0.8565795958600295
    },
    "3e-5,0.1,0.01,32,0.8,2.0,0.5": {
        "best_epoch": 2,
        "best_f1": 0.8550222662048491
    },
    "3e-5,0.1,0.01,32,0.9,2.0,0.5": {
        "best_epoch": 2,
        "best_f1": 0.8565776458951533
    },
    "3e-5,0.1,0.01,32,0.1,2.0,0.6": {
        "best_epoch": 2,
        "best_f1": 0.8522167487684729
    },
    "3e-5,0.1,0.01,32,0.2,2.0,0.6": {
        "best_epoch": 1,
        "best_f1": 0.8522167487684729
    },
    "3e-5,0.1,0.01,32,0.3,2.0,0.6": {
        "best_epoch": 2,
        "best_f1": 0.8519429414658141
    },
    "3e-5,0.1,0.01,32,0.4,2.0,0.6": {
        "best_epoch": 1,
        "best_f1": 0.8522167487684729
    },
    "3e-5,0.1,0.01,32,0.5,2.0,0.6": {
        "best_epoch": 1,
        "best_f1": 0.8525073746312685
    },
    "3e-5,0.1,0.01,32,0.6,2.0,0.6": {
        "best_epoch": 2,
        "best_f1": 0.8522167487684729
    },
    "3e-5,0.1,0.01,32,0.7,2.0,0.6": {
        "best_epoch": 2,
        "best_f1": 0.8547430830039525
    },
    "3e-5,0.1,0.01,32,0.8,2.0,0.6": {
        "best_epoch": 2,
        "best_f1": 0.8533201189296333
    },
    "3e-5,0.1,0.01,32,0.9,2.0,0.6": {
        "best_epoch": 2,
        "best_f1": 0.8560118753092528
    },
    "3e-5,0.1,0.01,32,0.1,2.0,0.7": {
        "best_epoch": 2,
        "best_f1": 0.8522167487684729
    },
    "3e-5,0.1,0.01,32,0.2,2.0,0.7": {
        "best_epoch": 2,
        "best_f1": 0.8519429414658141
    },
    "3e-5,0.1,0.01,32,0.3,2.0,0.7": {
        "best_epoch": 2,
        "best_f1": 0.8519429414658141
    },
    "3e-5,0.1,0.01,32,0.4,2.0,0.7": {
        "best_epoch": 2,
        "best_f1": 0.8516699410609038
    },
    "3e-5,0.1,0.01,32,0.5,2.0,0.7": {
        "best_epoch": 1,
        "best_f1": 0.8520884520884521
    },
    "3e-5,0.1,0.01,32,0.6,2.0,0.7": {
        "best_epoch": 2,
        "best_f1": 0.8522167487684729
    },
    "3e-5,0.1,0.01,32,0.7,2.0,0.7": {
        "best_epoch": 2,
        "best_f1": 0.8547430830039525
    },
    "3e-5,0.1,0.01,32,0.8,2.0,0.7": {
        "best_epoch": 2,
        "best_f1": 0.8550222662048491
    },
    "3e-5,0.1,0.01,32,0.9,2.0,0.7": {
        "best_epoch": 2,
        "best_f1": 0.8574257425742574
    },
    "3e-5,0.1,0.01,32,0.1,2.0,0.8": {
        "best_epoch": 2,
        "best_f1": 0.8522167487684729
    },
    "3e-5,0.1,0.01,32,0.2,2.0,0.8": {
        "best_epoch": 2,
        "best_f1": 0.8519429414658141
    },
    "3e-5,0.1,0.01,32,0.3,2.0,0.8": {
        "best_epoch": 1,
        "best_f1": 0.8522167487684729
    },
    "3e-5,0.1,0.01,32,0.4,2.0,0.8": {
        "best_epoch": 2,
        "best_f1": 0.8519429414658141
    },
    "3e-5,0.1,0.01,32,0.5,2.0,0.8": {
        "best_epoch": 1,
        "best_f1": 0.8516699410609038
    },
    "3e-5,0.1,0.01,32,0.6,2.0,0.8": {
        "best_epoch": 2,
        "best_f1": 0.853910477127398
    },
    "3e-5,0.1,0.01,32,0.7,2.0,0.8": {
        "best_epoch": 2,
        "best_f1": 0.8553086419753086
    },
    "3e-5,0.1,0.01,32,0.8,2.0,0.8": {
        "best_epoch": 2,
        "best_f1": 0.8545994065281899
    },
    "3e-5,0.1,0.01,32,0.9,2.0,0.8": {
        "best_epoch": 2,
        "best_f1": 0.857707509881423
    },
    "3e-5,0.1,0.01,32,0.1,2.0,0.9": {
        "best_epoch": 2,
        "best_f1": 0.8517971442639094
    },
    "3e-5,0.1,0.01,32,0.2,2.0,0.9": {
        "best_epoch": 2,
        "best_f1": 0.853910477127398
    },