{
    "3e-5,0.1,0.01,32,0.1,0.5,1.0": {
        "best_epoch": 6,
        "best_f1": 0.8653295128939829
    },
    "3e-5,0.1,0.01,32,0.1,1.0,1.0": {
        "best_epoch": 6,
        "best_f1": 0.8660287081339713
    },
    "3e-5,0.1,0.01,32,0.1,2.0,1.0": {
        "best_epoch": 9,
        "best_f1": 0.8652278177458034
    },
    "3e-5,0.1,0.01,32,0.1,0.5,3.0": {
        "best_epoch": 8,
        "best_f1": 0.8656429942418427
    },
    "3e-5,0.1,0.01,32,0.1,1.0,3.0": {
        "best_epoch": 8,
        "best_f1": 0.8664432742939205
    },
    "3e-5,0.1,0.01,32,0.1,2.0,3.0": {
        "best_epoch": 8,
        "best_f1": 0.8654858784107229
    },
    "3e-5,0.1,0.01,32,0.1,0.5,5.0": {
        "best_epoch": 6,
        "best_f1": 0.8658711217183771
    },
    "3e-5,0.1,0.01,32,0.1,1.0,5.0": {
        "best_epoch": 6,
        "best_f1": 0.8693994280266921
    },
    "3e-5,0.1,0.01,32,0.1,2.0,5.0": {
        "best_epoch": 6,
        "best_f1": 0.8691499522445081
    },
    "3e-5,0.1,0.01,32,0.1,0.5,10.0": {
        "best_epoch": 9,
        "best_f1": 0.8650717703349282
    },
    "3e-5,0.1,0.01,32,0.1,1.0,10.0": {
        "best_epoch": 8,
        "best_f1": 0.862876254180602
    },
    "3e-5,0.1,0.01,32,0.1,2.0,10.0": {
        "best_epoch": 7,
        "best_f1": 0.8638542665388304
    },
    "3e-5,0.1,0.01,32,0.1,0.5,20.0": {
        "best_epoch": 8,
        "best_f1": 0.8645284825275251
    },
    "3e-5,0.1,0.01,32,0.1,1.0,20.0": {
        "best_epoch": 7,
        "best_f1": 0.8643986583612842
    },
    "3e-5,0.1,0.01,32,0.1,2.0,20.0": {
        "best_epoch": 6,
        "best_f1": 0.8635496183206107
    },
    "3e-5,0.1,0.01,32,0.1,0.5,30.0": {
        "best_epoch": 4,
        "best_f1": 0.8662481892805408
    },
    "3e-5,0.1,0.01,32,0.1,1.0,30.0": {
        "best_epoch": 8,
        "best_f1": 0.8691902252036416
    },
    "3e-5,0.1,0.01,32,0.1,2.0,30.0": {
        "best_epoch": 4,
        "best_f1": 0.8655139289145053
    },
    "3e-5,0.1,0.01,32,0.3,0.5,1.0": {
        "best_epoch": 6,
        "best_f1": 0.8638318203535594
    },
    "3e-5,0.1,0.01,32,0.3,1.0,1.0": {
        "best_epoch": 6,
        "best_f1": 0.8625954198473282
    },
    "3e-5,0.1,0.01,32,0.3,2.0,1.0": {
        "best_epoch": 9,
        "best_f1": 0.8650717703349282
    },
    "3e-5,0.1,0.01,32,0.3,0.5,3.0": {
        "best_epoch": 6,
        "best_f1": 0.8631578947368421
    },
    "3e-5,0.1,0.01,32,0.3,1.0,3.0": {
        "best_epoch": 9,
        "best_f1": 0.8660287081339713
    },
    "3e-5,0.1,0.01,32,0.3,2.0,3.0": {
        "best_epoch": 9,
        "best_f1": 0.8642685851318945
    },
    "3e-5,0.1,0.01,32,0.3,0.5,5.0": {
        "best_epoch": 6,
        "best_f1": 0.864244741873805
    },
    "3e-5,0.1,0.01,32,0.3,1.0,5.0": {
        "best_epoch": 9,
        "best_f1": 0.866571018651363
    },
    "3e-5,0.1,0.01,32,0.3,2.0,5.0": {
        "best_epoch": 6,
        "best_f1": 0.8652007648183556
    },
    "3e-5,0.1,0.01,32,0.3,0.5,10.0": {
        "best_epoch": 6,
        "best_f1": 0.8659003831417624
    },
    "3e-5,0.1,0.01,32,0.3,1.0,10.0": {
        "best_epoch": 9,
        "best_f1": 0.8650453028135432
    },
    "3e-5,0.1,0.01,32,0.3,2.0,10.0": {
        "best_epoch": 8,
        "best_f1": 0.8659003831417624
    },
    "3e-5,0.1,0.01,32,0.3,0.5,20.0": {
        "best_epoch": 4,
        "best_f1": 0.8640541848089018
    },
    "3e-5,0.1,0.01,32,0.3,1.0,20.0": {
        "best_epoch": 8,
        "best_f1": 0.8660287081339713
    },
    "3e-5,0.1,0.01,32,0.3,2.0,20.0": {
        "best_epoch": 8,
        "best_f1": 0.8635496183206107
    },
    "3e-5,0.1,0.01,32,0.3,0.5,30.0": {
        "best_epoch": 4,
        "best_f1": 0.8669569424286405
    },
    "3e-5,0.1,0.01,32,0.3,1.0,30.0": {
        "best_epoch": 4,
        "best_f1": 0.8680154142581888
    },
    "3e-5,0.1,0.01,32,0.3,2.0,30.0": {
        "best_epoch": 4,
        "best_f1": 0.8671462829736211
    },
    "3e-5,0.1,0.01,32,0.5,0.5,1.0": {
        "best_epoch": 8,
        "best_f1": 0.8632887189292543
    },
    "3e-5,0.1,0.01,32,0.5,1.0,1.0": {
        "best_epoch": 6,
        "best_f1": 0.8627264061010487
    },
    "3e-5,0.1,0.01,32,0.5,2.0,1.0": {
        "best_epoch": 6,
        "best_f1": 0.8639846743295019
    },
    "3e-5,0.1,0.01,32,0.5,0.5,3.0": {
        "best_epoch": 9,
        "best_f1": 0.8652007648183556
    },
    "3e-5,0.1,0.01,32,0.5,1.0,3.0": {
        "best_epoch": 8,
        "best_f1": 0.8623501199040767
    },
    "3e-5,0.1,0.01,32,0.5,2.0,3.0": {
        "best_epoch": 9,
        "best_f1": 0.8637015781922525
    },
    "3e-5,0.1,0.01,32,0.5,0.5,5.0": {
        "best_epoch": 6,
        "best_f1": 0.8653569717297557
    },
    "3e-5,0.1,0.01,32,0.5,1.0,5.0": {
        "best_epoch": 6,
        "best_f1": 0.8663152850982271
    },
    "3e-5,0.1,0.01,32,0.5,2.0,5.0": {
        "best_epoch": 6,
        "best_f1": 0.8649425287356322
    },
    "3e-5,0.1,0.01,32,0.5,0.5,10.0": {
        "best_epoch": 6,
        "best_f1": 0.8650453028135432
    },
    "3e-5,0.1,0.01,32,0.5,1.0,10.0": {
        "best_epoch": 6,
        "best_f1": 0.867780429594272
    },
    "3e-5,0.1,0.01,32,0.5,2.0,10.0": {
        "best_epoch": 7,
        "best_f1": 0.8645284825275251
    },
    "3e-5,0.1,0.01,32,0.5,0.5,20.0": {
        "best_epoch": 4,
        "best_f1": 0.868637905962191
    },
    "3e-5,0.1,0.01,32,0.5,1.0,20.0": {
        "best_epoch": 7,
        "best_f1": 0.8638542665388304
    },
    "3e-5,0.1,0.01,32,0.5,2.0,20.0": {
        "best_epoch": 4,
        "best_f1": 0.8669856459330143
    },
    "3e-5,0.1,0.01,32,0.5,0.5,30.0": {
        "best_epoch": 4,
        "best_f1": 0.867504835589942
    },
    "3e-5,0.1,0.01,32,0.5,1.0,30.0": {
        "best_epoch": 8,
        "best_f1": 0.8649425287356322
    },
    "3e-5,0.1,0.01,32,0.5,2.0,30.0": {
        "best_epoch": 8,
        "best_f1": 0.8691099476439791
    },
    "3e-5,0.1,0.01,32,0.7,0.5,1.0": {
        "best_epoch": 8,
        "best_f1": 0.861244019138756
    },
    "3e-5,0.1,0.01,32,0.7,1.0,1.0": {
        "best_epoch": 8,
        "best_f1": 0.8654858784107229
    },
    "3e-5,0.1,0.01,32,0.7,2.0,1.0": {
        "best_epoch": 7,
        "best_f1": 0.8638768638768639
    },
    "3e-5,0.1,0.01,32,0.7,0.5,3.0": {
        "best_epoch": 3,
        "best_f1": 0.8631067961165049
    },
    "3e-5,0.1,0.01,32,0.7,1.0,3.0": {
        "best_epoch": 6,
        "best_f1": 0.8636796949475691
    },
    "3e-5,0.1,0.01,32,0.7,2.0,3.0": {
        "best_epoch": 9,
        "best_f1": 0.8624820316243411
    },
    "3e-5,0.1,0.01,32,0.7,0.5,5.0": {
        "best_epoch": 7,
        "best_f1": 0.8633301251203079
    },
    "3e-5,0.1,0.01,32,0.7,1.0,5.0": {
        "best_epoch": 9,
        "best_f1": 0.8611111111111112
    },
    "3e-5,0.1,0.01,32,0.7,2.0,5.0": {
        "best_epoch": 7,
        "best_f1": 0.8650984157465195
    },
    "3e-5,0.1,0.01,32,0.7,0.5,10.0": {
        "best_epoch": 4,
        "best_f1": 0.8628211342704799,
        "best_acc": 0.8281718281718282
    },
    "3e-5,0.1,0.01,32,0.7,1.0,10.0": {
        "best_epoch": 8,
        "best_f1": 0.864787386526517,
        "best_acc": 0.8271728271728271
    },
    "3e-5,0.1,0.01,32,0.7,2.0,10.0": {
        "best_epoch": 7,
        "best_f1": 0.8705207835642619,
        "best_acc": 0.8351648351648352
    },
    "3e-5,0.1,0.01,32,0.7,0.5,20.0": {
        "best_epoch": 4,
        "best_f1": 0.8694390715667312,
        "best_acc": 0.8351648351648352
    },
    "3e-5,0.1,0.01,32,0.7,1.0,20.0": {
        "best_epoch": 9,
        "best_f1": 0.866571018651363,
        "best_acc": 0.8291708291708292
    },
    "3e-5,0.1,0.01,32,0.7,2.0,20.0": {
        "best_epoch": 9,
        "best_f1": 0.8692748091603053,
        "best_acc": 0.8341658341658341
    },
    "3e-5,0.1,0.01,32,0.7,0.5,30.0": {
        "best_epoch": 4,
        "best_f1": 0.868892114175133
    },
    "3e-5,0.1,0.01,32,0.7,1.0,30.0": {
        "best_epoch": 4,
        "best_f1": 0.8695233509870005
    },
    "3e-5,0.1,0.01,32,0.7,2.0,30.0": {
        "best_epoch": 9,