{
    "3e-5,0.1,0.01,32,0.1,2.0,0.1": {
        "best_epoch": 2,
        "best_f1": 0.8589555880917521
    },
    "3e-5,0.1,0.01,32,0.2,2.0,0.1": {
        "best_epoch": 4,
        "best_f1": 0.8601735776277725
    },
    "3e-5,0.1,0.01,32,0.3,2.0,0.1": {
        "best_epoch": 4,
        "best_f1": 0.8601735776277725
    },
    "3e-5,0.1,0.01,32,0.4,2.0,0.1": {
        "best_epoch": 2,
        "best_f1": 0.8603515625
    },
    "3e-5,0.1,0.01,32,0.5,2.0,0.1": {
        "best_epoch": 4,
        "best_f1": 0.860318994683422
    },
    "3e-5,0.1,0.01,32,0.6,2.0,0.1": {
        "best_epoch": 2,
        "best_f1": 0.863013698630137
    },
    "3e-5,0.1,0.01,32,0.7,2.0,0.1": {
        "best_epoch": 3,
        "best_f1": 0.8622179548727796
    },
    "3e-5,0.1,0.01,32,0.8,2.0,0.1": {
        "best_epoch": 3,
        "best_f1": 0.865929841422393
    },
    "3e-5,0.1,0.01,32,0.9,2.0,0.1": {
        "best_epoch": 3,
        "best_f1": 0.8636144578313253
    },
    "3e-5,0.1,0.01,32,0.1,2.0,0.2": {
        "best_epoch": 2,
        "best_f1": 0.8595121951219512
    },
    "3e-5,0.1,0.01,32,0.2,2.0,0.2": {
        "best_epoch": 4,
        "best_f1": 0.8601735776277725
    },
    "3e-5,0.1,0.01,32,0.3,2.0,0.2": {
        "best_epoch": 4,
        "best_f1": 0.8597590361445783
    },
    "3e-5,0.1,0.01,32,0.4,2.0,0.2": {
        "best_epoch": 2,
        "best_f1": 0.8603515625
    },
    "3e-5,0.1,0.01,32,0.5,2.0,0.2": {
        "best_epoch": 3,
        "best_f1": 0.8611244593945219
    },
    "3e-5,0.1,0.01,32,0.6,2.0,0.2": {
        "best_epoch": 2,
        "best_f1": 0.8624390243902439
    },
    "3e-5,0.1,0.01,32,0.7,2.0,0.2": {
        "best_epoch": 2,
        "best_f1": 0.8621700879765396
    },
    "3e-5,0.1,0.01,32,0.8,2.0,0.2": {
        "best_epoch": 2,
        "best_f1": 0.8624390243902439
    },
    "3e-5,0.1,0.01,32,0.9,2.0,0.2": {
        "best_epoch": 3,
        "best_f1": 0.8648648648648649
    },
    "3e-5,0.1,0.01,32,0.1,2.0,0.3": {
        "best_epoch": 4,
        "best_f1": 0.8596237337192475
    },
    "3e-5,0.1,0.01,32,0.2,2.0,0.3": {
        "best_epoch": 4,
        "best_f1": 0.8601735776277725
    },
    "3e-5,0.1,0.01,32,0.3,2.0,0.3": {
        "best_epoch": 2,
        "best_f1": 0.8599316739873109
    },
    "3e-5,0.1,0.01,32,0.4,2.0,0.3": {
        "best_epoch": 3,
        "best_f1": 0.8597502401536984
    },
    "3e-5,0.1,0.01,32,0.5,2.0,0.3": {
        "best_epoch": 2,
        "best_f1": 0.8607718612603811
    },
    "3e-5,0.1,0.01,32,0.6,2.0,0.3": {
        "best_epoch": 2,
        "best_f1": 0.863013698630137
    },
    "3e-5,0.1,0.01,32,0.7,2.0,0.3": {
        "best_epoch": 2,
        "best_f1": 0.863147605083089
    },
    "3e-5,0.1,0.01,32,0.8,2.0,0.3": {
        "best_epoch": 3,
        "best_f1": 0.8622179548727796
    },
    "3e-5,0.1,0.01,32,0.9,2.0,0.3": {
        "best_epoch": 3,
        "best_f1": 0.8643167551907291
    },
    "3e-5,0.1,0.01,32,0.1,2.0,0.4": {
        "best_epoch": 4,
        "best_f1": 0.8596237337192475
    },
    "3e-5,0.1,0.01,32,0.2,2.0,0.4": {
        "best_epoch": 4,
        "best_f1": 0.8601735776277725
    },
    "3e-5,0.1,0.01,32,0.3,2.0,0.4": {
        "best_epoch": 4,
        "best_f1": 0.8601735776277725
    },
    "3e-5,0.1,0.01,32,0.4,2.0,0.4": {
        "best_epoch": 3,
        "best_f1": 0.8597502401536984
    },
    "3e-5,0.1,0.01,32,0.5,2.0,0.4": {
        "best_epoch": 2,
        "best_f1": 0.8604878048780488
    },
    "3e-5,0.1,0.01,32,0.6,2.0,0.4": {
        "best_epoch": 2,
        "best_f1": 0.86328125
    },
    "3e-5,0.1,0.01,32,0.7,2.0,0.4": {
        "best_epoch": 2,
        "best_f1": 0.8625916870415647
    },
    "3e-5,0.1,0.01,32,0.8,2.0,0.4": {
        "best_epoch": 3,
        "best_f1": 0.862782859894078
    },
    "3e-5,0.1,0.01,32,0.9,2.0,0.4": {
        "best_epoch": 3,
        "best_f1": 0.8640308582449373
    },
    "3e-5,0.1,0.01,32,0.1,2.0,0.5": {
        "best_epoch": 4,
        "best_f1": 0.8596237337192475
    },
    "3e-5,0.1,0.01,32,0.2,2.0,0.5": {
        "best_epoch": 4,
        "best_f1": 0.8601735776277725
    },
    "3e-5,0.1,0.01,32,0.3,2.0,0.5": {
        "best_epoch": 2,
        "best_f1": 0.8603515625
    },
    "3e-5,0.1,0.01,32,0.4,2.0,0.5": {
        "best_epoch": 3,
        "best_f1": 0.8597502401536984
    },
    "3e-5,0.1,0.01,32,0.5,2.0,0.5": {
        "best_epoch": 2,
        "best_f1": 0.8617489008304836
    },
    "3e-5,0.1,0.01,32,0.6,2.0,0.5": {
        "best_epoch": 3,
        "best_f1": 0.8626136907611297
    },
    "3e-5,0.1,0.01,32,0.7,2.0,0.5": {
        "best_epoch": 2,
        "best_f1": 0.8620352250489237
    },
    "3e-5,0.1,0.01,32,0.8,2.0,0.5": {
        "best_epoch": 3,
        "best_f1": 0.862914862914863
    },
    "3e-5,0.1,0.01,32,0.9,2.0,0.5": {
        "best_epoch": 3,
        "best_f1": 0.8634828750602991
    },
    "3e-5,0.1,0.01,32,0.1,2.0,0.6": {
        "best_epoch": 4,
        "best_f1": 0.86003861003861
    },
    "3e-5,0.1,0.01,32,0.2,2.0,0.6": {
        "best_epoch": 4,
        "best_f1": 0.8605885190545104
    },
    "3e-5,0.1,0.01,32,0.3,2.0,0.6": {
        "best_epoch": 4,
        "best_f1": 0.8601735776277725
    },
    "3e-5,0.1,0.01,32,0.4,2.0,0.6": {
        "best_epoch": 3,
        "best_f1": 0.8597502401536984
    },
    "3e-5,0.1,0.01,32,0.5,2.0,0.6": {
        "best_epoch": 2,
        "best_f1": 0.861328125
    },
    "3e-5,0.1,0.01,32,0.6,2.0,0.6": {
        "best_epoch": 3,
        "best_f1": 0.8626136907611297
    },
    "3e-5,0.1,0.01,32,0.7,2.0,0.6": {
        "best_epoch": 3,
        "best_f1": 0.861671469740634
    },
    "3e-5,0.1,0.01,32,0.8,2.0,0.6": {
        "best_epoch": 3,
        "best_f1": 0.8653846153846154
    },
    "3e-5,0.1,0.01,32,0.9,2.0,0.6": {
        "best_epoch": 3,
        "best_f1": 0.8632189463508941
    },
    "3e-5,0.1,0.01,32,0.1,2.0,0.7": {
        "best_epoch": 4,
        "best_f1": 0.86003861003861
    },
    "3e-5,0.1,0.01,32,0.2,2.0,0.7": {
        "best_epoch": 4,
        "best_f1": 0.86003861003861
    },
    "3e-5,0.1,0.01,32,0.3,2.0,0.7": {
        "best_epoch": 4,
        "best_f1": 0.8601735776277725
    },
    "3e-5,0.1,0.01,32,0.4,2.0,0.7": {
        "best_epoch": 3,
        "best_f1": 0.8597502401536984
    },
    "3e-5,0.1,0.01,32,0.5,2.0,0.7": {
        "best_epoch": 2,
        "best_f1": 0.8606237816764133
    },
    "3e-5,0.1,0.01,32,0.6,2.0,0.7": {
        "best_epoch": 2,
        "best_f1": 0.8624571708272148
    },
    "3e-5,0.1,0.01,32,0.7,2.0,0.7": {
        "best_epoch": 2,
        "best_f1": 0.8621700879765396
    },
    "3e-5,0.1,0.01,32,0.8,2.0,0.7": {
        "best_epoch": 3,
        "best_f1": 0.8648388648388649
    },
    "3e-5,0.1,0.01,32,0.9,2.0,0.7": {
        "best_epoch": 3,
        "best_f1": 0.8634828750602991
    },
    "3e-5,0.1,0.01,32,0.1,2.0,0.8": {
        "best_epoch": 4,
        "best_f1": 0.86003861003861
    },
    "3e-5,0.1,0.01,32,0.2,2.0,0.8": {
        "best_epoch": 4,
        "best_f1": 0.86003861003861
    },
    "3e-5,0.1,0.01,32,0.3,2.0,0.8": {
        "best_epoch": 4,
        "best_f1": 0.8601735776277725
    },
    "3e-5,0.1,0.01,32,0.4,2.0,0.8": {
        "best_epoch": 3,
        "best_f1": 0.8602976476236198
    },
    "3e-5,0.1,0.01,32,0.5,2.0,0.8": {
        "best_epoch": 3,
        "best_f1": 0.860431654676259
    },
    "3e-5,0.1,0.01,32,0.6,2.0,0.8": {
        "best_epoch": 2,
        "best_f1": 0.8621700879765396
    },
    "3e-5,0.1,0.01,32,0.7,2.0,0.8": {
        "best_epoch": 3,
        "best_f1": 0.8634615384615385
    },
    "3e-5,0.1,0.01,32,0.8,2.0,0.8": {
        "best_epoch": 3,
        "best_f1": 0.864423076923077
    },
    "3e-5,0.1,0.01,32,0.9,2.0,0.8": {
        "best_epoch": 3,
        "best_f1": 0.8623853211009175
    },
    "3e-5,0.1,0.01,32,0.1,2.0,0.9": {
        "best_epoch": 4,
        "best_f1": 0.86003861003861
    },
    "3e-5,0.1,0.01,32,0.2,2.0,0.9": {
        "best_epoch": 4,
        "best_f1": 0.86003861003861
    },
    "3e-5,0.1,0.01,32,0.3,2.0,0.9": {
        "best_epoch": 4,